"StudentID","Appreciation","Comments"
"300124366",":x:",":x: à corriger"
"300147253",":x:",":x: à corriger"
"300147866",":x:",":x: à corriger"
"300147891",":x:",":x: à corriger"
"300150398",":x:",":x: à corriger"
"300151722",":x:",":x: à corriger"
"300151863",":x:",":x: à corriger"
"300152004",":x:",":x: à corriger"
"300153405",":x:",":x: à corriger"
"300153416",":x:",":x: à corriger"
"300155462",":x:",":x: à corriger"
"300156534",":x:",":x: à corriger"
"300157250",":x:",":x: à corriger"
"300157307",":x:",":x: à corriger"
"300157423",":x:",":x: à corriger"
"300157606",":x:",":x: à corriger"
"300157727",":x:",":x: à corriger"
"300157733",":x:",":x: à corriger"
"300158085",":x:",":x: à corriger"
"300159180",":x:",":x: à corriger"
"300159195",":x:",":x: à corriger"
"300159203",":x:",":x: à corriger"
"300159437",":x:",":x: à corriger"
"300159463",":x:",":x: à corriger"
"300159672",":x:",":x: à corriger"
"300159693",":x:",":x: à corriger"
"300159887",":x:",":x: à corriger"
"300160006",":x:",":x: à corriger"
"300160424",":x:",":x: à corriger"
"300160504",":x:",":x: à corriger"
"300160733",":x:",":x: à corriger"
"300160862",":x:",":x: à corriger"
